order_id,metro_id,store_id,customer_id,created_at
14208064,20,1,93594,2019-01-21 21:46:26.607809
14364287,20,1,549691,2019-01-26 21:42:56.121338
13846253,20,1,1632766,2019-01-11 18:35:55.123202
14157491,20,1,1260227,2019-01-20 18:39:02.779142
13908958,20,1,755897,2019-01-13 15:41:23.591135
14125654,20,1,1686193,2019-01-19 20:52:16.289011
14114313,20,1,1818514,2019-01-19 17:00:03.766632
14236487,20,1,1344412,2019-01-22 20:38:52.214742
13661584,20,1,87331,2019-01-05 22:14:30.236569
14266397,20,1,358028,2019-01-23 21:15:59.782130
14425890,20,1,1533766,2019-01-28 00:08:21.032696
14124504,20,1,1203673,2019-01-19 20:28:24.264894
14237443,20,1,1082601,2019-01-22 21:02:46.139560
14341424,20,1,73080,2019-01-26 14:32:20.388719
14295744,20,1,145645,2019-01-24 21:47:34.127996
14287551,20,1,73080,2019-01-24 18:03:23.170659
14218585,20,1,357406,2019-01-22 03:56:19.481378
14509348,20,1,138365,2019-01-30 22:24:29.857074
14266936,20,1,962086,2019-01-23 21:30:36.586077
14140889,20,1,66545,2019-01-20 14:05:37.142597
14340079,20,1,1564254,2019-01-26 13:55:24.714850
13777154,20,1,1226495,2019-01-09 03:31:03.608758
13602176,20,1,128565,2019-01-04 00:03:15.068056
13694719,20,1,681508,2019-01-06 19:09:46.290346
13656823,20,1,128578,2019-01-05 20:31:58.510963
14394086,20,1,963720,2019-01-27 17:07:35.369276
14148187,20,1,70924,2019-01-20 16:20:26.298946
14120114,20,1,852539,2019-01-19 18:56:02.149450
13731884,20,1,1697551,2019-01-07 18:32:50.283447
13607153,20,1,106927,2019-01-04 07:21:41.013244
13963946,20,1,844516,2019-01-14 18:59:56.029879
13966895,20,1,74708,2019-01-14 20:08:34.210373
14400063,20,1,62796,2019-01-27 18:14:36.989261
13516925,20,1,785115,2019-01-01 00:52:35.109497
13832478,20,1,134523,2019-01-11 05:07:33.748867
13528056,20,1,502018,2019-01-01 18:42:30.715264
14114875,20,1,1857129,2019-01-19 17:11:22.811742
13570981,20,1,742800,2019-01-02 23:23:03.552522
14252420,20,1,547357,2019-01-23 14:59:25.044901
13741951,20,1,88946,2019-01-07 21:58:07.048140
14253363,20,1,2045103,2019-01-23 15:28:45.029004
13677592,20,1,632736,2019-01-06 15:11:13.681222
14005473,20,1,1017943,2019-01-16 00:07:15.961059
14036250,20,1,117580,2019-01-17 02:05:47.902692
14232278,20,1,648269,2019-01-22 18:54:21.888326
14097811,20,1,400336,2019-01-18 23:57:14.464495
13525069,20,1,1201721,2019-01-01 17:27:37.013382
13774688,20,1,1803708,2019-01-09 00:42:01.711600
13958484,20,1,1947712,2019-01-14 16:54:46.095619
14438261,20,1,135982,2019-01-28 15:48:52.665117
14003752,20,1,648269,2019-01-15 23:15:21.896861
13871801,20,1,1961428,2019-01-12 15:52:48.561955
13634601,20,1,1224192,2019-01-05 02:32:23.080627
14113119,20,1,111555,2019-01-19 16:36:47.671435
13783251,20,1,549691,2019-01-09 15:48:56.614111
13757397,20,1,1327838,2019-01-08 16:19:59.791589
14424208,20,1,116648,2019-01-27 23:30:29.536516
13706646,20,1,71393,2019-01-06 21:41:41.922835
14107484,20,1,1932230,2019-01-19 14:30:33.873210
13612388,20,1,991081,2019-01-04 15:32:06.083155
13789982,20,1,123882,2019-01-09 19:06:14.285615
13841412,20,1,233439,2019-01-11 16:34:20.201800
13571210,20,1,116890,2019-01-02 23:29:35.683281
14116888,20,1,72607,2019-01-19 17:52:02.231072
13606791,20,1,963720,2019-01-04 05:38:15.267248
13593358,20,1,913014,2019-01-03 20:07:26.430934
14185246,20,1,73361,2019-01-21 14:48:06.549995
13755896,20,1,1048761,2019-01-08 15:28:33.066214
13700169,20,1,71135,2019-01-06 20:18:23.737567
13771248,20,1,1501212,2019-01-08 22:45:55.013245
13892574,20,1,1705646,2019-01-12 22:59:00.272116
13703267,20,1,232615,2019-01-06 20:57:18.741363
14264758,20,1,575844,2019-01-23 20:34:13.181665
13880500,20,1,357406,2019-01-12 18:46:16.768427
14408787,20,1,755897,2019-01-27 19:55:23.932606
14438443,20,1,117580,2019-01-28 15:52:21.470891
13655836,20,1,844516,2019-01-05 20:11:59.318931
13516647,20,1,1056419,2019-01-01 00:28:27.889827
14418808,20,1,1332337,2019-01-27 22:01:38.437548
13532614,20,1,1811476,2019-01-01 20:28:32.665799
14135053,20,1,76957,2019-01-20 01:34:26.215633
13732075,20,1,74500,2019-01-07 18:35:44.118572
13553892,20,1,76250,2019-01-02 17:16:00.405162
13555491,20,1,792209,2019-01-02 17:50:11.636620
14167543,20,1,1783466,2019-01-20 21:13:55.839628
13527849,20,1,73080,2019-01-01 18:36:56.407470
13698109,20,1,1481015,2019-01-06 19:52:43.654512
13690267,20,1,82386,2019-01-06 18:13:32.546621
14050294,20,1,80311,2019-01-17 18:39:58.752312
13588471,20,1,1375532,2019-01-03 18:10:18.095892
14058218,20,1,1367829,2019-01-17 21:53:34.647524
13777847,20,1,928915,2019-01-09 05:21:58.551791
13527381,20,1,210357,2019-01-01 18:25:23.455429
14253162,20,1,894505,2019-01-23 15:22:42.697741
13571718,20,1,75928,2019-01-02 23:45:35.333893
13725440,20,1,194136,2019-01-07 15:31:15.703148
13680527,20,1,72624,2019-01-06 15:57:58.300632
13586019,20,1,194136,2019-01-03 17:08:37.105808
13518987,20,1,1637600,2019-01-01 12:58:00.306409
13568718,20,1,1657738,2019-01-02 22:27:32.848051
13914078,20,1,69340,2019-01-13 16:53:49.446830
13821854,20,1,731703,2019-01-10 21:16:48.529966
14231307,20,1,1124412,2019-01-22 18:30:25.600660
13690152,20,1,1048138,2019-01-06 18:12:03.431707
14211125,20,1,75136,2019-01-21 22:44:52.278137
13787153,20,1,88946,2019-01-09 17:48:56.790488
13749030,1,1,212990,2019-01-08 01:35:04.114264
13603964,20,1,150668,2019-01-04 01:21:34.780847
13592928,20,1,1365450,2019-01-03 19:56:56.206003
13766281,20,1,1732678,2019-01-08 20:32:51.650548
13557468,20,1,1082626,2019-01-02 18:32:05.724095
13829531,20,1,1741376,2019-01-11 01:07:29.521220
13987832,20,1,210357,2019-01-15 16:13:49.522620
13542070,20,1,202367,2019-01-02 01:59:02.423370
13601225,20,1,119985,2019-01-03 23:31:30.645065
13671749,20,1,80311,2019-01-06 09:00:23.721817
13667940,20,1,143623,2019-01-06 01:36:21.780968
14032676,20,1,1705646,2019-01-16 23:33:12.136566
13799972,20,1,657595,2019-01-09 23:41:29.596944
13560432,20,1,200685,2019-01-02 19:33:31.807610
13880013,20,1,215522,2019-01-12 18:37:11.445707
13661465,20,1,657595,2019-01-05 22:11:33.556882
14276355,20,1,194136,2019-01-24 04:12:26.514063
13703110,20,1,157389,2019-01-06 20:55:34.407516
13530323,20,1,62286,2019-01-01 19:36:05.107230
13822740,20,1,718654,2019-01-10 21:39:54.866301
13544078,20,1,655425,2019-01-02 05:55:45.424896
13565369,20,1,554970,2019-01-02 21:14:36.157692
13757493,20,1,78179,2019-01-08 16:22:47.629880
13858390,20,1,866578,2019-01-11 23:44:56.581312
13988123,20,1,1573449,2019-01-15 16:22:13.020916
13568700,20,1,1653200,2019-01-02 22:27:18.625758
13725520,20,1,73361,2019-01-07 15:33:16.961498
14528180,20,1,233439,2019-01-31 18:16:22.989513
13980336,20,1,1792127,2019-01-15 03:17:54.543670
13594278,20,1,425957,2019-01-03 20:28:55.488833
13828350,20,1,1942356,2019-01-11 00:21:58.583542
13707185,20,1,74629,2019-01-06 21:48:42.187003
13532843,20,1,137038,2019-01-01 20:33:35.750655
13704245,20,1,1499006,2019-01-06 21:09:23.144632
13841744,20,1,1817211,2019-01-11 16:43:10.467996
13519743,20,1,802272,2019-01-01 14:17:43.447325
13570179,20,1,1263619,2019-01-02 23:01:12.929132
13666727,20,1,1230838,2019-01-06 00:43:12.768495
14169109,20,1,657595,2019-01-20 21:40:03.416838
13815583,20,1,64391,2019-01-10 18:25:35.845834
13598051,20,1,265346,2019-01-03 22:00:50.959932
13533182,20,1,1564254,2019-01-01 20:41:49.729648
13761213,20,1,94872,2019-01-08 18:14:55.029787
13599624,20,1,972876,2019-01-03 22:44:42.351993
13782729,20,1,331457,2019-01-09 15:30:46.966352
13526329,20,1,62589,2019-01-01 17:59:39.736060
13723919,20,1,110366,2019-01-07 14:46:01.902673
13719714,20,1,1367829,2019-01-07 04:49:57.132125
13733485,20,1,890902,2019-01-07 19:00:31.015719
13771065,20,1,69671,2019-01-08 22:40:31.808957
13673479,20,1,741504,2019-01-06 13:36:42.014944
13524319,20,1,648269,2019-01-01 17:06:17.024304
13600691,20,1,973339,2019-01-03 23:14:56.670857
13703500,20,1,491263,2019-01-06 21:00:21.279259
13881512,20,1,1991735,2019-01-12 19:06:59.916986
13568354,20,1,1941111,2019-01-02 22:19:04.017984
13538166,20,1,1787550,2019-01-01 22:52:03.424667
13570368,20,1,1029836,2019-01-02 23:05:57.184322
14043517,20,1,1226495,2019-01-17 15:28:04.027180
13621924,20,1,1196569,2019-01-04 19:40:43.554451
13539559,20,1,1017943,2019-01-01 23:45:04.928048
13810654,20,1,1200175,2019-01-10 15:56:06.512448
13790216,20,1,1084746,2019-01-09 19:12:49.127432
13572771,20,1,1653370,2019-01-03 00:20:05.298447
13673599,20,1,981296,2019-01-06 13:41:18.402393
13818762,20,1,357406,2019-01-10 19:53:01.364784
13785226,20,1,888143,2019-01-09 16:50:49.259761
13828883,20,1,1251535,2019-01-11 00:42:04.419059
13528226,20,1,1744028,2019-01-01 18:46:30.092383
13657054,20,1,61938,2019-01-05 20:36:29.641902
13567697,20,1,70924,2019-01-02 22:04:34.516642
13780330,20,1,1110635,2019-01-09 13:55:42.862453
13718980,20,1,1226495,2019-01-07 03:28:11.868201
13809095,20,1,648269,2019-01-10 15:02:05.878247
13765705,20,1,74472,2019-01-08 20:17:36.591903
13521494,20,1,138365,2019-01-01 15:39:58.231772
13529897,20,1,76957,2019-01-01 19:26:21.728652
14042053,20,1,73361,2019-01-17 14:39:22.822617
13893973,20,1,117580,2019-01-12 23:38:27.971694
13571823,20,1,400336,2019-01-02 23:48:36.493921
13949019,20,1,64456,2019-01-14 04:56:20.028319
14200545,20,1,64456,2019-01-21 19:34:24.135610
13598225,20,1,82817,2019-01-03 22:05:58.006655
14245562,20,1,116648,2019-01-23 01:04:07.511248
13647769,20,1,252682,2019-01-05 17:25:28.191800
14078398,20,1,1022044,2019-01-18 16:36:08.148038
14106856,20,1,1006431,2019-01-19 14:11:56.171920
13598096,20,1,135513,2019-01-03 22:02:05.752920
14143791,20,1,326186,2019-01-20 15:07:54.785894
13537283,20,1,1911222,2019-01-01 22:25:49.344947
13872611,20,1,1951956,2019-01-12 16:08:42.039818
13638148,20,1,403811,2019-01-05 13:15:05.504113
13740690,1,1,613447,2019-01-07 21:32:04.986645
13626483,20,1,1941111,2019-01-04 21:38:04.017022
13713435,20,1,680720,2019-01-06 23:33:14.918346
13741090,20,1,1191455,2019-01-07 21:40:52.057036
14082367,20,1,74500,2019-01-18 18:06:58.209054
13817460,20,1,1375557,2019-01-10 19:16:30.343926
14167833,20,1,138440,2019-01-20 21:18:46.094845
13889454,20,1,72607,2019-01-12 21:46:18.309899
13584480,20,1,1943489,2019-01-03 16:27:13.920482
13710160,20,1,724303,2019-01-06 22:33:10.676633
13614585,20,1,1947671,2019-01-04 16:31:53.706738
13827784,20,1,400336,2019-01-11 00:01:51.994488
13604837,20,1,1378048,2019-01-04 02:09:59.943054
13522379,20,1,1466960,2019-01-01 16:09:57.976273
13738490,20,1,89053,2019-01-07 20:42:42.279667
13611983,20,1,75456,2019-01-04 15:19:45.761882
14117131,20,1,499242,2019-01-19 17:56:57.730815
14433975,20,1,110366,2019-01-28 13:53:59.244909
13546202,20,1,76957,2019-01-02 13:43:14.097283
13623151,20,1,1375557,2019-01-04 20:11:33.202547
13611669,20,1,1235282,2019-01-04 15:10:32.562164
13630999,20,1,358028,2019-01-04 23:47:01.735129
13744499,20,1,1014259,2019-01-07 22:58:28.514279
13517166,20,1,1289402,2019-01-01 01:19:46.031403
13953062,20,1,78566,2019-01-14 14:31:49.932488
13727730,20,1,76375,2019-01-07 16:31:06.918661
13746570,20,1,128565,2019-01-07 23:55:53.504986
14044631,20,1,890902,2019-01-17 16:01:49.197069
13553934,20,1,1487108,2019-01-02 17:17:00.252715
14100675,20,1,91158,2019-01-19 01:41:25.245886
13865655,20,1,123882,2019-01-12 12:55:23.986886
13630399,20,1,117580,2019-01-04 23:28:43.175849
14255297,20,1,1494146,2019-01-23 16:26:02.721648
13613670,20,1,1797265,2019-01-04 16:07:46.636661
13702932,20,1,1574701,2019-01-06 20:53:36.257309
13719428,20,1,1110635,2019-01-07 04:09:38.477117
13648322,20,1,240771,2019-01-05 17:36:55.908542
13697946,20,1,91158,2019-01-06 19:50:29.609875
13661906,20,1,461564,2019-01-05 22:21:49.584807
14033672,20,1,1485157,2019-01-17 00:04:10.093448
13740532,20,1,803278,2019-01-07 21:29:06.551036
13723238,20,1,736504,2019-01-07 14:23:38.919685
13593142,20,1,1295737,2019-01-03 20:01:57.409698
13777783,20,1,828723,2019-01-09 05:05:49.516840
13742012,20,1,64215,2019-01-07 21:59:11.816331
13524074,20,1,366688,2019-01-01 16:59:57.534566
13745963,20,1,307914,2019-01-07 23:38:25.133505
13894744,20,1,159596,2019-01-13 00:03:00.689821
13584166,20,1,755897,2019-01-03 16:19:36.221200
13818818,20,1,1365450,2019-01-10 19:55:05.578512
13592853,20,1,1639461,2019-01-03 19:55:33.445039
13523933,20,1,1887189,2019-01-01 16:55:56.916505
13804560,20,1,117580,2019-01-10 04:40:01.220986
13533636,20,1,1890053,2019-01-01 20:52:35.962828
13656871,20,1,159596,2019-01-05 20:32:44.516179
13552556,20,1,74472,2019-01-02 16:46:28.316293
13775860,20,1,73080,2019-01-09 01:43:03.710285
13616911,20,1,941174,2019-01-04 17:32:33.265886
14063324,20,1,210357,2019-01-18 00:12:22.925059
13974487,20,1,1818388,2019-01-14 23:06:18.831685
14167362,20,1,886620,2019-01-20 21:10:55.646584
13894115,20,1,76375,2019-01-12 23:42:32.263539
13789173,20,1,80810,2019-01-09 18:45:10.608827
14430689,20,1,290339,2019-01-28 04:26:12.663847
13629831,20,1,446250,2019-01-04 23:10:18.917626
13895457,20,1,126270,2019-01-13 00:29:23.954964
13736100,20,1,63408,2019-01-07 19:52:45.348973
13592861,20,1,118739,2019-01-03 19:55:41.752882
13712996,20,1,1434778,2019-01-06 23:24:40.619897
14144301,20,1,78889,2019-01-20 15:16:43.016807
13521554,20,1,143623,2019-01-01 15:42:20.609251
13563055,20,1,63734,2019-01-02 20:27:16.382237
13774581,20,1,69565,2019-01-09 00:37:13.521661
13523991,20,1,1096940,2019-01-01 16:57:37.663299
13629941,20,1,138365,2019-01-04 23:14:18.744109
13540651,20,1,1295737,2019-01-02 00:34:45.337726
14392148,20,1,894505,2019-01-27 16:45:38.086817
14090050,20,1,123451,2019-01-18 20:57:56.789267
13524386,20,1,64456,2019-01-01 17:07:55.286806
13699090,20,1,65962,2019-01-06 20:05:37.863680
13843981,20,1,153493,2019-01-11 17:40:32.471970
13894322,20,1,575844,2019-01-12 23:49:06.647620
13987559,20,1,1029836,2019-01-15 16:06:32.724092
13679229,20,1,530201,2019-01-06 15:38:27.874310
13639812,20,1,62796,2019-01-05 14:22:05.567875
13576705,20,1,89053,2019-01-03 04:53:24.621887
14245458,20,1,64391,2019-01-23 00:59:10.894886
13737679,20,1,637820,2019-01-07 20:26:17.570239
14119857,20,1,1025544,2019-01-19 18:51:28.626871
14415105,20,1,965889,2019-01-27 21:12:18.226136
13879266,20,1,119868,2019-01-12 18:22:03.243799
13775074,20,1,86943,2019-01-09 00:58:51.247517
13925477,20,1,123882,2019-01-13 19:23:34.692502
13879247,20,1,75136,2019-01-12 18:21:33.448293
13589815,20,1,438720,2019-01-03 18:44:27.145668
14437573,20,1,1888873,2019-01-28 15:32:37.004846
13576522,20,1,1942356,2019-01-03 04:23:35.384438
14173869,20,1,1501212,2019-01-20 23:13:27.607272
13709696,20,1,338442,2019-01-06 22:25:20.074594
13826271,20,1,224074,2019-01-10 23:16:13.227548
13563133,20,1,607861,2019-01-02 20:28:50.077806
13727770,20,1,1204251,2019-01-07 16:32:08.027388
13749683,20,1,913014,2019-01-08 02:15:29.829279
13615337,20,1,1947712,2019-01-04 16:51:44.999281
13634758,20,1,1810199,2019-01-05 02:43:01.292149
13889613,20,1,76957,2019-01-12 21:49:58.552077
13636344,20,1,1021107,2019-01-05 05:17:49.497522
13590987,20,1,62521,2019-01-03 19:11:26.913392
13722241,20,1,137038,2019-01-07 13:45:08.003315
13714735,20,1,1289402,2019-01-07 00:04:45.818828
13856866,20,1,72607,2019-01-11 23:00:31.613114
13622422,20,1,157389,2019-01-04 19:53:00.127314
13712732,20,1,1798220,2019-01-06 23:19:14.906983
13996872,20,1,64456,2019-01-15 20:19:17.048240
13621186,20,1,123882,2019-01-04 19:21:28.972886
14212170,20,1,223033,2019-01-21 23:06:13.801474
13786652,20,1,387951,2019-01-09 17:34:28.986259
13689435,20,1,111555,2019-01-06 18:02:09.771979
14432947,20,1,118739,2019-01-28 13:12:49.223506
13973199,20,1,1191455,2019-01-14 22:35:42.792742
13720133,20,1,109639,2019-01-07 06:24:29.489378
13542167,20,1,357406,2019-01-02 02:06:22.322446
13807690,20,1,1426790,2019-01-10 14:10:19.750576
13765753,20,1,1598672,2019-01-08 20:18:30.982562
13715186,20,1,1927063,2019-01-07 00:18:07.750454
14070747,20,1,69340,2019-01-18 13:01:23.582116
13807320,20,1,141563,2019-01-10 13:55:46.371342
13775660,20,1,192013,2019-01-09 01:31:26.801013
13617401,20,1,530201,2019-01-04 17:45:38.525074
13880125,20,1,1025814,2019-01-12 18:39:29.135950
14100781,20,1,1204244,2019-01-19 01:46:51.728767
14236928,20,1,1804955,2019-01-22 20:50:48.782938
13890196,20,1,358028,2019-01-12 22:02:01.178141
14054169,20,1,357406,2019-01-17 20:20:59.189192
13746916,20,1,972876,2019-01-08 00:05:25.050049
13558608,20,1,62823,2019-01-02 18:54:58.053335
13554062,20,1,856486,2019-01-02 17:19:41.459427
13623100,20,1,81308,2019-01-04 20:10:27.805597
13746817,20,1,648269,2019-01-08 00:02:20.557874
13602192,20,1,70653,2019-01-04 00:03:41.795046
14097919,20,1,386875,2019-01-19 00:00:20.013153
13978262,20,1,905301,2019-01-15 01:04:37.916278
13561013,20,1,63651,2019-01-02 19:46:09.534348
14075947,20,1,1357462,2019-01-18 15:37:40.340795
13829579,20,1,249305,2019-01-11 01:09:53.292251
13811167,20,1,75322,2019-01-10 16:12:18.934532
14132462,20,1,961568,2019-01-19 23:43:51.769509
13910717,20,1,1481015,2019-01-13 16:06:43.086636
13822584,20,1,1524140,2019-01-10 21:36:07.148748
14115334,20,1,70277,2019-01-19 17:20:55.793848
13719423,20,1,151722,2019-01-07 04:09:03.310809
13612939,20,1,137038,2019-01-04 15:48:44.984427
13543245,20,1,1631509,2019-01-02 03:35:29.318801
13723908,20,1,64456,2019-01-07 14:45:35.015069
13725705,20,1,307062,2019-01-07 15:38:58.328550
14015045,20,1,73080,2019-01-16 15:29:56.851881
14454113,20,1,1482993,2019-01-28 21:51:12.413045
13733831,20,1,1096940,2019-01-07 19:07:14.373248
13740295,20,1,163198,2019-01-07 21:23:25.294859
13651940,20,1,357406,2019-01-05 18:52:31.392647
13933493,20,1,1195621,2019-01-13 21:06:12.174679
13647040,20,1,88128,2019-01-05 17:09:38.180065
13786906,20,1,1022044,2019-01-09 17:41:59.155680
13873562,20,1,1230826,2019-01-12 16:28:58.293540
13711829,20,1,1835199,2019-01-06 23:01:24.969836
13836073,20,1,1857129,2019-01-11 14:04:06.573562
13727372,20,1,1817211,2019-01-07 16:22:04.380962
13616462,20,1,1024470,2019-01-04 17:20:22.452705
13915093,20,1,210357,2019-01-13 17:07:55.695823
13699991,20,1,130592,2019-01-06 20:16:15.033193
13966447,20,1,84908,2019-01-14 19:57:16.746426
13787588,20,1,1650974,2019-01-09 18:01:01.247838
13792035,20,1,752830,2019-01-09 20:03:25.953609
13669846,20,1,916936,2019-01-06 03:24:39.715112
13558280,20,1,64391,2019-01-02 18:48:21.120822
14061910,20,1,1499006,2019-01-17 23:29:06.304011
13784613,20,1,151921,2019-01-09 16:30:56.736987
13643644,1,1,542040,2019-01-05 15:57:30.342962
13920805,20,1,1909743,2019-01-13 18:22:51.073232
13857509,20,1,76375,2019-01-11 23:18:42.230543
13957340,20,1,921468,2019-01-14 16:26:24.510129
13649925,20,1,1900308,2019-01-05 18:10:49.130717
14414804,20,1,128578,2019-01-27 21:08:32.833082
13578053,20,1,157666,2019-01-03 12:20:06.214486
13556968,20,1,1818514,2019-01-02 18:21:37.456355
13730510,20,1,482319,2019-01-07 17:53:53.188179
13635532,20,1,356810,2019-01-05 03:42:36.694246
13804313,20,1,159596,2019-01-10 03:58:47.580435
13835909,20,1,1235282,2019-01-11 13:58:25.851413
13788892,20,1,1890074,2019-01-09 18:37:47.007085
13725671,20,1,265846,2019-01-07 15:37:57.835480
13791450,20,1,962086,2019-01-09 19:47:56.355256
13868933,20,1,1021107,2019-01-12 14:46:58.871256
13741998,20,1,1602682,2019-01-07 21:58:58.240460
14036150,20,1,502339,2019-01-17 01:59:22.998955
13781396,20,1,70924,2019-01-09 14:40:26.437133
13978201,20,1,1887189,2019-01-15 01:02:08.701006
13603181,20,1,735676,2019-01-04 00:44:22.235917
14090794,20,1,2016765,2019-01-18 21:14:56.580431
13655459,20,1,1952329,2019-01-05 20:04:05.407999
14051304,20,1,63145,2019-01-17 19:07:20.515291
13728292,20,1,1217226,2019-01-07 16:44:10.592396
13654714,20,1,1052372,2019-01-05 19:48:46.987954
13889693,20,1,1698823,2019-01-12 21:51:23.883573
13678170,20,1,366688,2019-01-06 15:21:18.498984
13981346,20,1,1697551,2019-01-15 06:14:19.635915
13884475,20,1,210357,2019-01-12 20:05:10.043567
13924701,20,1,1634604,2019-01-13 19:13:28.212458
14149607,20,1,1029836,2019-01-20 16:42:26.186624
13791929,20,1,233439,2019-01-09 20:00:31.701377
13697845,20,1,517820,2019-01-06 19:49:13.356370
14057530,20,1,2016417,2019-01-17 21:37:15.185313
14075675,20,1,75456,2019-01-18 15:30:29.571725
13763576,20,1,1952833,2019-01-08 19:19:38.791218
13933353,20,1,1865823,2019-01-13 21:04:18.456779
13791517,20,1,81751,2019-01-09 19:50:16.650394
13661890,20,1,1367829,2019-01-05 22:21:27.269976
14253225,20,1,374248,2019-01-23 15:24:28.841632
13657963,20,1,1226495,2019-01-05 20:55:41.122229
14198980,20,1,150668,2019-01-21 19:06:15.752138
13941757,20,1,189631,2019-01-13 23:11:46.685677
13793937,20,1,921468,2019-01-09 20:54:49.646505
13727221,20,1,973679,2019-01-07 16:18:09.902589
13879552,20,1,852539,2019-01-12 18:28:14.187871
13778346,20,1,1946922,2019-01-09 10:23:14.066760
14066525,20,1,233439,2019-01-18 02:27:17.248064
13901552,20,1,403811,2019-01-13 12:54:41.267248
13804947,20,1,329302,2019-01-10 06:36:59.701422
13829497,20,1,1289402,2019-01-11 01:05:47.982879
13626755,20,1,1204244,2019-01-04 21:45:19.824260
14205944,20,1,1021107,2019-01-21 21:06:53.200524
13867287,20,1,163198,2019-01-12 14:01:39.311880
13995616,20,1,2008118,2019-01-15 19:45:15.813315
13795716,20,1,78692,2019-01-09 21:42:55.978151
14290027,20,1,138365,2019-01-24 19:10:41.926073
13636735,20,1,1452778,2019-01-05 06:41:56.379497
13738250,20,1,1961428,2019-01-07 20:38:02.246330
13819742,20,1,1375557,2019-01-10 20:20:39.242845
14213836,20,1,64215,2019-01-21 23:47:33.526393
13625606,20,1,619843,2019-01-04 21:14:23.670266
13892270,20,1,983719,2019-01-12 22:51:49.305682
14226716,20,1,434734,2019-01-22 16:31:22.036184
13731866,20,1,112226,2019-01-07 18:32:24.103293
13891056,20,1,535838,2019-01-12 22:21:24.027276
13723881,20,1,78566,2019-01-07 14:44:48.599553
13989117,20,1,403811,2019-01-15 16:50:54.286023
13857893,20,1,61938,2019-01-11 23:29:09.949338
13824401,20,1,1431146,2019-01-10 22:23:27.260967
14199973,20,1,128578,2019-01-21 19:23:52.452397
13866363,20,1,1454800,2019-01-12 13:30:00.109100
13794301,20,1,1733978,2019-01-09 21:04:19.082652
14035038,20,1,973679,2019-01-17 00:58:01.420846
13796744,20,1,1056419,2019-01-09 22:08:59.233795
13931094,20,1,1110635,2019-01-13 20:34:47.162044
14085229,20,1,130728,2019-01-18 19:10:56.588275
14162266,20,1,434734,2019-01-20 19:50:21.594708
13686852,20,1,1025814,2019-01-06 17:28:20.529442
13681481,20,1,66916,2019-01-06 16:11:56.187388
13888693,20,1,1992869,2019-01-12 21:30:25.694105
14425187,20,1,2009880,2019-01-27 23:50:50.526080
13689279,20,1,88245,2019-01-06 18:00:11.284353
13950846,20,1,865506,2019-01-14 13:09:04.805152
13836561,20,1,1818514,2019-01-11 14:20:27.557106
14169432,20,1,62796,2019-01-20 21:45:38.430261
13940051,20,1,853207,2019-01-13 22:41:58.303955
13774817,20,1,1378048,2019-01-09 00:48:08.565096
13734715,20,1,1961262,2019-01-07 19:25:08.076500
13838115,20,1,338442,2019-01-11 15:06:10.520438
13837979,20,1,114518,2019-01-11 15:02:05.622035
13869502,20,1,681508,2019-01-12 15:00:26.578398
14130506,20,1,1056419,2019-01-19 22:47:11.446012
14050209,20,1,1959634,2019-01-17 18:37:31.171630
13948105,20,1,1548488,2019-01-14 03:07:58.257243
13697700,20,1,961568,2019-01-06 19:47:32.714662
13688870,20,1,374248,2019-01-06 17:54:43.483915
13734847,1,1,544292,2019-01-07 19:27:24.301705
14410354,20,1,517820,2019-01-27 20:14:18.195586
14197403,20,1,134523,2019-01-21 18:38:06.467500
13836310,20,1,961568,2019-01-11 14:11:53.377065
13616901,20,1,801133,2019-01-04 17:32:12.524147
14109355,20,1,1029354,2019-01-19 15:16:27.537855
13891550,20,1,742800,2019-01-12 22:33:40.284972
14211289,20,1,2009880,2019-01-21 22:47:36.418126
13639991,20,1,295968,2019-01-05 14:27:54.270884
14022900,20,1,76250,2019-01-16 19:09:34.039875
13981273,20,1,1014153,2019-01-15 05:44:08.422246
13777073,20,1,1631509,2019-01-09 03:21:08.843447
14168695,20,1,115958,2019-01-20 21:33:02.671659
13849029,20,1,1952329,2019-01-11 19:43:55.734004
14150496,20,1,1685643,2019-01-20 16:55:12.870148
14007748,20,1,2009880,2019-01-16 01:49:12.703184
13660379,20,1,88946,2019-01-05 21:47:55.705664
13914560,20,1,1482993,2019-01-13 17:00:12.741518
14067846,20,1,69565,2019-01-18 04:10:08.132283
13906109,20,1,88946,2019-01-13 14:56:26.173742
13543112,1,1,1248003,2019-01-02 03:23:36.145603
13674152,20,1,1017943,2019-01-06 13:56:39.896362
13906844,20,1,157389,2019-01-13 15:07:54.934788
14455393,20,1,1391441,2019-01-28 22:22:40.926739
14273156,20,1,81751,2019-01-24 00:32:14.298347
14124103,20,1,366688,2019-01-19 20:19:53.503827
14413531,20,1,683005,2019-01-27 20:52:31.240838
13647596,20,1,1056419,2019-01-05 17:21:31.901305
13857524,20,1,1732678,2019-01-11 23:19:08.951102
14268779,20,1,746897,2019-01-23 22:17:52.022299
14022896,20,1,62521,2019-01-16 19:09:24.841613
14012387,20,1,210357,2019-01-16 13:55:20.426477
13847739,20,1,454335,2019-01-11 19:12:37.390174
13913159,20,1,70277,2019-01-13 16:41:43.950964
14116806,20,1,1972280,2019-01-19 17:50:27.338893
14005665,20,1,1947671,2019-01-16 00:14:24.451510
13968960,20,1,641269,2019-01-14 20:55:57.804604
13907899,20,1,62796,2019-01-13 15:25:07.530604
13898105,20,1,70924,2019-01-13 02:37:19.368693
13842711,20,1,138365,2019-01-11 17:07:57.269094
13874703,20,1,326186,2019-01-12 16:52:47.489209
13935886,20,1,1263619,2019-01-13 21:39:40.788522
13926774,20,1,1226495,2019-01-13 19:39:47.146417
13841871,20,1,890902,2019-01-11 16:46:49.052058
13837626,20,1,1972280,2019-01-11 14:52:11.651015
13971638,20,1,93594,2019-01-14 21:57:14.329970
13985506,20,1,77765,2019-01-15 15:00:37.573701
14010965,20,1,1971217,2019-01-16 12:36:42.406940
14007805,20,1,338442,2019-01-16 01:53:08.476751
14133847,20,1,754729,2019-01-20 00:35:36.264477
13923705,20,1,64391,2019-01-13 19:00:01.982794
14107299,20,1,1454800,2019-01-19 14:25:25.549597
13671605,20,1,245683,2019-01-06 07:36:23.351763
14218603,20,1,517820,2019-01-22 03:58:19.500136
13952378,20,1,81751,2019-01-14 14:10:49.740371
13709537,20,1,72607,2019-01-06 22:22:38.191729
13906405,20,1,111555,2019-01-13 15:00:51.856012
13567231,20,1,1071223,2019-01-02 21:54:13.567794
14006324,20,1,1964139,2019-01-16 00:40:37.816668
13931813,20,1,64328,2019-01-13 20:44:36.880144
13969787,20,1,2001699,2019-01-14 21:16:06.401541
13986060,20,1,153493,2019-01-15 15:20:03.437177
13804358,20,1,740785,2019-01-10 04:04:56.748541
14147401,20,1,107278,2019-01-20 16:08:08.847635
14189006,20,1,210198,2019-01-21 16:04:59.769561
13688306,20,1,1584337,2019-01-06 17:47:29.640914
14081095,20,1,188914,2019-01-18 17:38:22.587308
13864104,20,1,855989,2019-01-12 05:30:27.060092
14198824,20,1,2001699,2019-01-21 19:03:17.046820
14054077,20,1,245683,2019-01-17 20:17:58.191510
14005950,20,1,2009295,2019-01-16 00:25:27.005810
13539152,20,1,1431146,2019-01-01 23:27:54.752951
13966084,20,1,64215,2019-01-14 19:49:26.246222
13789133,20,1,1224192,2019-01-09 18:44:29.059680
13911767,20,1,128565,2019-01-13 16:21:31.188040
14001075,20,1,64391,2019-01-15 22:01:19.498502
13711134,20,1,210198,2019-01-06 22:49:28.221149
14091427,20,1,1025814,2019-01-18 21:28:49.378305
13972983,20,1,1501212,2019-01-14 22:30:09.474801
14040949,20,1,2015370,2019-01-17 13:58:03.108551
13698309,20,1,1634604,2019-01-06 19:55:24.824773
13897645,20,1,245683,2019-01-13 02:10:04.245170
13961727,20,1,143623,2019-01-14 18:10:37.116885
13776729,20,1,1017943,2019-01-09 02:46:36.712603
14337284,20,1,72607,2019-01-26 07:40:03.732184
14423337,20,1,64215,2019-01-27 23:13:48.808789
14060284,20,1,223033,2019-01-17 22:45:25.309180
13972024,20,1,1181746,2019-01-14 22:06:27.705376
13912474,20,1,75928,2019-01-13 16:32:03.396524
14014244,20,1,307062,2019-01-16 15:02:40.457189
13684846,20,1,735676,2019-01-06 17:00:45.843271
14056095,20,1,913014,2019-01-17 21:04:23.040209
13997022,20,1,1242087,2019-01-15 20:23:36.602449
13849184,20,1,210357,2019-01-11 19:48:03.349830
14128911,20,1,1230187,2019-01-19 22:06:42.722735
13918356,20,1,1056419,2019-01-13 17:51:03.503320
13855093,20,1,801133,2019-01-11 22:16:27.124209
13679184,20,1,967692,2019-01-06 15:37:44.025721
13943641,20,1,518388,2019-01-13 23:54:21.421149
13960195,20,1,425957,2019-01-14 17:33:51.901745
14133436,20,1,1048138,2019-01-20 00:17:38.906779
13957588,20,1,1988455,2019-01-14 16:32:34.548654
13973467,20,1,62788,2019-01-14 22:41:56.162443
13623473,20,1,249305,2019-01-04 20:20:03.785080
13883806,20,1,865506,2019-01-12 19:51:37.698657
14074875,20,1,295968,2019-01-18 15:10:11.723815
14209644,20,1,210357,2019-01-21 22:16:25.514098
14422086,20,1,2016417,2019-01-27 22:51:23.138854
14367206,20,1,88946,2019-01-26 22:45:29.945435
14127827,20,1,1880514,2019-01-19 21:42:10.946251
13884431,20,1,1627517,2019-01-12 20:04:20.738977
13876892,20,1,1991615,2019-01-12 17:35:35.633692
14164541,20,1,4487,2019-01-20 20:25:45.279536
13646476,20,1,755897,2019-01-05 16:58:10.806268
13531552,20,1,72607,2019-01-01 20:04:24.263273
14238624,20,1,1110635,2019-01-22 21:31:33.535961
13853462,20,1,68174,2019-01-11 21:37:31.833896
14050787,20,1,358028,2019-01-17 18:53:46.795418
13850418,20,1,888143,2019-01-11 20:19:48.150038
14259986,20,1,1926237,2019-01-23 18:31:03.447535
14291968,20,1,1025814,2019-01-24 20:04:51.187525
14048347,20,1,104067,2019-01-17 17:46:56.382707
14025958,20,1,961568,2019-01-16 20:31:38.296181
14117200,20,1,974045,2019-01-19 17:58:21.836354
13890913,20,1,73080,2019-01-12 22:18:15.830120
14058270,20,1,1968257,2019-01-17 21:54:47.563674
13961265,20,1,112226,2019-01-14 17:59:37.435032
13972875,20,1,357406,2019-01-14 22:27:29.483587
13691211,20,1,1020492,2019-01-06 18:26:01.993662
13886271,20,1,502018,2019-01-12 20:40:40.336239
14024821,20,1,145670,2019-01-16 20:01:55.815313
13992344,20,1,112226,2019-01-15 18:18:48.388345
13847066,20,1,740360,2019-01-11 18:55:31.158766
13941076,20,1,97828,2019-01-13 22:59:12.853661
13846565,20,1,112226,2019-01-11 18:44:00.702518
13718413,20,1,1181746,2019-01-07 02:45:52.849889
13938063,20,1,657595,2019-01-13 22:10:13.162157
13939698,20,1,1957188,2019-01-13 22:36:23.348164
14036551,20,1,2014137,2019-01-17 02:28:06.329052
13973832,20,1,83234,2019-01-14 22:50:25.597210
13934559,20,1,107278,2019-01-13 21:20:36.192513
13965345,20,1,1255669,2019-01-14 19:32:52.960449
13928657,20,1,80810,2019-01-13 20:02:40.010884
13634327,20,1,1880514,2019-01-05 02:15:55.704624
13915059,20,1,1198248,2019-01-13 17:07:20.117930
14051778,20,1,73080,2019-01-17 19:20:42.013991
13667187,20,1,279031,2019-01-06 01:01:19.178328
14099831,20,1,1294459,2019-01-19 01:04:28.982822
14142997,20,1,1462179,2019-01-20 14:52:18.949255
13688321,20,1,61938,2019-01-06 17:47:46.360829
14188794,20,1,1947671,2019-01-21 16:00:54.832465
14025465,20,1,60998,2019-01-16 20:18:12.941885
13924561,20,1,1835199,2019-01-13 19:11:32.722141
13918585,20,1,1113009,2019-01-13 17:53:59.059725
13613665,20,1,1947583,2019-01-04 16:07:41.375087
14388574,20,1,384632,2019-01-27 16:03:51.120139
13692666,20,1,64391,2019-01-06 18:44:36.011125
14130236,20,1,2016765,2019-01-19 22:40:04.823734
13915394,20,1,152719,2019-01-13 17:11:47.806685
14260842,20,1,167381,2019-01-23 18:52:16.754164
13955390,20,1,1804597,2019-01-14 15:37:05.067666
14112175,20,1,769768,2019-01-19 16:16:52.521529
14117848,20,1,1957353,2019-01-19 18:10:53.967979
14056723,20,1,61938,2019-01-17 21:18:36.768374
14085777,20,1,1911222,2019-01-18 19:22:50.011484
13925322,20,1,1499006,2019-01-13 19:21:37.291413
14119934,20,1,138365,2019-01-19 18:52:43.959788
14210303,20,1,130509,2019-01-21 22:29:22.839767
13583933,20,1,338442,2019-01-03 16:13:37.544406
14018448,20,1,2011899,2019-01-16 17:09:25.670575
13981807,20,1,530201,2019-01-15 11:23:54.143918
14046787,20,1,1598672,2019-01-17 17:02:24.867551
13847585,20,1,65913,2019-01-11 19:08:56.656020
13884849,20,1,89572,2019-01-12 20:12:49.547657
13692596,20,1,1029836,2019-01-06 18:43:42.503189
14062450,20,1,925047,2019-01-17 23:45:20.969536
14140689,20,1,88946,2019-01-20 13:59:49.843754
13669673,20,1,1022044,2019-01-06 03:13:17.766955
14001457,20,1,841457,2019-01-15 22:11:45.855229
14167375,20,1,1817211,2019-01-20 21:11:15.518776
14518049,20,1,517820,2019-01-31 13:27:43.161113
14122204,20,1,1048761,2019-01-19 19:38:37.557930
13995198,20,1,857986,2019-01-15 19:33:58.491052
14078340,20,1,112226,2019-01-18 16:34:37.917130
14037199,20,1,1631509,2019-01-17 03:22:05.480267
14054575,20,1,1818388,2019-01-17 20:30:19.951917
14121616,20,1,62286,2019-01-19 19:26:07.165091
13924672,20,1,405376,2019-01-13 19:13:05.456824
14240618,20,1,200685,2019-01-22 22:20:32.929835
14157208,20,1,853207,2019-01-20 18:34:19.526538
13794065,20,1,78889,2019-01-09 20:58:00.386959
14174275,20,1,1811476,2019-01-20 23:23:53.088733
14457146,20,1,119868,2019-01-28 23:08:36.228205
14095506,20,1,1501212,2019-01-18 22:58:23.177179
13648859,20,1,1951956,2019-01-05 17:47:51.595239
13694581,20,1,4487,2019-01-06 19:08:14.952784
14108370,20,1,1378048,2019-01-19 14:53:11.735795
14196145,20,1,130592,2019-01-21 18:15:10.094191
14240954,20,1,1367829,2019-01-22 22:29:16.028032
14007901,20,1,1843227,2019-01-16 01:59:19.083516
13989681,20,1,116648,2019-01-15 17:06:22.569195
14436567,20,1,89053,2019-01-28 15:05:48.574975
13992535,20,1,210357,2019-01-15 18:24:06.861793
14055520,20,1,123882,2019-01-17 20:51:53.400137
13935917,20,1,232615,2019-01-13 21:40:08.155882
14205280,20,1,1434778,2019-01-21 20:55:06.850193
13844999,20,1,482319,2019-01-11 18:05:23.925643
14117042,20,1,1865823,2019-01-19 17:55:17.245610
14081391,20,1,249305,2019-01-18 17:45:07.942873
14272903,20,1,118739,2019-01-24 00:23:02.981664
14500593,20,1,1876421,2019-01-30 17:39:35.379259
13883823,20,1,115958,2019-01-12 19:52:04.347243
13698134,20,1,405376,2019-01-06 19:53:08.297182
14159554,20,1,259917,2019-01-20 19:09:32.203019
14068923,20,1,89053,2019-01-18 09:31:11.756506
13693483,20,1,1482993,2019-01-06 18:54:43.173555
14154137,20,1,61938,2019-01-20 17:49:34.417750
14094790,20,1,157389,2019-01-18 22:43:33.457298
13922788,20,1,1656509,2019-01-13 18:48:27.606064
13695312,20,1,1447761,2019-01-06 19:17:49.650359
13936734,20,1,1640507,2019-01-13 21:51:06.966109
14115275,20,1,2025196,2019-01-19 17:20:00.841175
14074633,20,1,1235282,2019-01-18 15:04:11.709280
14108925,20,1,865506,2019-01-19 15:06:38.793994
14126162,20,1,78692,2019-01-19 21:03:29.157422
14289702,20,1,126733,2019-01-24 19:02:03.778333
14079223,20,1,1754924,2019-01-18 16:55:23.910618
14277182,20,1,1251535,2019-01-24 09:36:13.930463
14259664,20,1,395317,2019-01-23 18:22:42.275417
13933822,20,1,1068378,2019-01-13 21:10:48.146091
14023441,20,1,607861,2019-01-16 19:24:15.708667
14151414,20,1,607078,2019-01-20 17:08:23.428804
13647086,20,1,1804597,2019-01-05 17:10:36.034085
14079322,20,1,2020434,2019-01-18 16:57:36.152592
13623063,20,1,71393,2019-01-04 20:09:34.140960
14031810,20,1,1391441,2019-01-16 23:08:23.521393
14076603,20,1,331457,2019-01-18 15:52:40.821458
14219757,20,1,387951,2019-01-22 11:40:36.178834
14028748,20,1,1431146,2019-01-16 21:45:40.043816
13931843,20,1,517820,2019-01-13 20:45:05.772186
13567474,20,1,1242356,2019-01-02 21:59:04.420412
14107080,20,1,1951956,2019-01-19 14:18:50.702297
13887240,20,1,1926237,2019-01-12 21:00:24.244764
13925526,20,1,1811476,2019-01-13 19:24:12.407243
13928934,20,1,925047,2019-01-13 20:06:26.506659
14265134,20,1,1957188,2019-01-23 20:43:59.695294
13933799,20,1,1434778,2019-01-13 21:10:31.911008
14090452,20,1,141563,2019-01-18 21:06:42.738568
14429946,20,1,2060931,2019-01-28 03:11:07.967025
14134492,20,1,166766,2019-01-20 01:04:39.136940
14448435,20,1,1191455,2019-01-28 19:39:24.005860
13938894,20,1,74629,2019-01-13 22:23:07.974717
14456576,20,1,1760257,2019-01-28 22:54:05.006831
13924308,20,1,78686,2019-01-13 19:07:44.130767
14158885,20,1,1909743,2019-01-20 18:59:12.487835
14178112,20,1,1660219,2019-01-21 01:43:29.907646
14433474,20,1,64456,2019-01-28 13:36:13.343037
13990418,20,1,1224192,2019-01-15 17:26:10.733147
14261536,20,1,1639461,2019-01-23 19:10:20.034814
14002270,20,1,411555,2019-01-15 22:34:17.658070
13930975,20,1,88128,2019-01-13 20:33:21.500507
13861550,20,1,1294459,2019-01-12 01:45:39.224638
14111665,20,1,502018,2019-01-19 16:06:24.128390
14046716,20,1,1375532,2019-01-17 17:00:48.669475
13699824,20,1,1957188,2019-01-06 20:14:13.422672
14117738,20,1,1452778,2019-01-19 18:08:40.558533
14076504,20,1,77765,2019-01-18 15:50:03.005988
14221666,20,1,890902,2019-01-22 13:57:41.561336
14168343,20,1,894505,2019-01-20 21:27:28.359901
13960155,20,1,374248,2019-01-14 17:32:45.814931
14204339,20,1,2016417,2019-01-21 20:38:54.927726
14288190,20,1,2045103,2019-01-24 18:21:58.923103
14156616,20,1,70653,2019-01-20 18:25:39.126180
14457513,20,1,970912,2019-01-28 23:18:41.650155
13658341,20,1,1048138,2019-01-05 21:03:26.891586
14029483,20,1,81751,2019-01-16 22:05:09.526136
14002751,20,1,1925365,2019-01-15 22:48:12.087015
13967069,20,1,138365,2019-01-14 20:12:43.218817
14029234,20,1,71393,2019-01-16 21:58:03.801525
14139937,20,1,65962,2019-01-20 13:35:54.896554
14229353,20,1,76250,2019-01-22 17:39:11.769515
14089676,20,1,128565,2019-01-18 20:49:23.132278
14030452,20,1,491263,2019-01-16 22:31:19.563974
14139860,20,1,461564,2019-01-20 13:33:02.863149
14446376,20,1,1697551,2019-01-28 18:52:01.068228
13677133,20,1,1704625,2019-01-06 15:03:00.010516
13697295,20,1,115958,2019-01-06 19:42:21.112977
14022359,20,1,1025544,2019-01-16 18:55:24.026425
13701758,20,1,1957353,2019-01-06 20:38:38.355171
13702955,20,1,1888873,2019-01-06 20:53:44.092591
14110889,20,1,1024470,2019-01-19 15:50:48.881797
13700009,20,1,1215501,2019-01-06 20:16:28.108515
14506356,20,1,2080225,2019-01-30 20:47:15.648073
14316855,20,1,1231343,2019-01-25 17:48:25.766920
13881579,20,1,210198,2019-01-12 19:08:13.557150
13848768,20,1,1523632,2019-01-11 19:37:57.349486
13696404,20,1,1811476,2019-01-06 19:31:19.593121
14021124,20,1,1487108,2019-01-16 18:21:00.225127
13627636,20,1,562656,2019-01-04 22:08:04.548066
13886767,20,1,1890074,2019-01-12 20:50:32.411905
14067217,20,1,2017259,2019-01-18 03:15:22.802387
14032245,20,1,88128,2019-01-16 23:21:38.459256
14218399,20,1,916936,2019-01-22 03:36:18.292160
14234627,20,1,150446,2019-01-22 19:52:32.289235
13725236,20,1,134971,2019-01-07 15:25:01.718927
14173512,20,1,64391,2019-01-20 23:04:11.908690
14022841,20,1,1082626,2019-01-16 19:08:06.604607
14085988,20,1,1375557,2019-01-18 19:27:25.270055
14117920,20,1,2025383,2019-01-19 18:12:22.558155
14324033,20,1,1199293,2019-01-25 20:48:16.519105
14123351,20,1,350530,2019-01-19 20:02:31.458666
13964770,20,1,157389,2019-01-14 19:20:16.065405
14207783,20,1,752830,2019-01-21 21:41:24.158106
14444506,20,1,425957,2019-01-28 18:09:43.040854
14205903,20,1,75322,2019-01-21 21:06:05.524193
13775076,20,1,130509,2019-01-09 00:58:53.141921
13980408,20,1,194136,2019-01-15 03:25:36.944038
14515303,20,1,194136,2019-01-31 03:39:36.256484
14114468,20,1,356810,2019-01-19 17:03:10.793090
14203664,20,1,240771,2019-01-21 20:27:45.674309
14055365,20,1,93594,2019-01-17 20:48:43.571367
14172526,20,1,71937,2019-01-20 22:43:22.648066
14109088,20,1,92905,2019-01-19 15:10:04.142970
14230738,20,1,233439,2019-01-22 18:16:08.670534
14455296,20,1,293940,2019-01-28 22:20:09.343497
13701740,20,1,69340,2019-01-06 20:38:23.743166
13815154,20,1,104058,2019-01-10 18:13:00.648442
14221387,20,1,78566,2019-01-22 13:46:41.656509
14174097,20,1,1698823,2019-01-20 23:19:09.932360
14190348,20,1,1491645,2019-01-21 16:30:54.898395
14232482,20,1,607078,2019-01-22 18:59:21.681190
14445509,20,1,61938,2019-01-28 18:32:42.279943
14058304,20,1,294552,2019-01-17 21:55:33.740014
14172442,20,1,1331628,2019-01-20 22:41:46.144106
14255465,20,1,78248,2019-01-23 16:30:32.703956
13710776,20,1,1926237,2019-01-06 22:43:18.275890
14445676,20,1,1082626,2019-01-28 18:36:33.387445
14203341,20,1,74472,2019-01-21 20:22:14.928807
14310941,20,1,1235282,2019-01-25 15:21:55.027551
14271427,20,1,88128,2019-01-23 23:32:59.715451
14499388,20,1,2045103,2019-01-30 16:59:36.801048
14186201,20,1,442409,2019-01-21 15:09:15.026113
14146952,20,1,94872,2019-01-20 16:01:14.200997
14280051,20,1,1653370,2019-01-24 14:20:33.007930
14188426,20,1,890902,2019-01-21 15:54:33.882887
14310060,20,1,1204244,2019-01-25 14:56:32.671111
14276518,20,1,828723,2019-01-24 04:37:24.922984
14370977,20,1,1704625,2019-01-27 00:35:09.611382
13537604,20,1,104670,2019-01-01 22:35:21.676306
14047601,20,1,888143,2019-01-17 17:25:34.052049
14295333,20,1,1834007,2019-01-24 21:36:21.818770
14190462,20,1,72624,2019-01-21 16:33:02.212269
14111938,20,1,63734,2019-01-19 16:12:33.315971
14134537,20,1,973339,2019-01-20 01:06:47.136247
14195542,20,1,56572,2019-01-21 18:04:34.767354
14265911,20,1,249305,2019-01-23 21:03:21.220412
14269768,20,1,1482993,2019-01-23 22:45:08.841809
14206967,20,1,1011840,2019-01-21 21:26:15.914926
14207649,20,1,913014,2019-01-21 21:38:35.826730
14289962,20,1,425957,2019-01-24 19:08:46.926048
14206851,20,1,2037702,2019-01-21 21:23:57.344563
14270165,20,1,1103772,2019-01-23 22:56:13.958611
14447013,20,1,117580,2019-01-28 19:06:54.740062
14275355,20,1,1367829,2019-01-24 02:27:33.717549
14422199,20,1,358028,2019-01-27 22:52:56.926555
14233425,20,1,1056419,2019-01-22 19:23:38.174843
14211818,20,1,82386,2019-01-21 22:58:25.281774
14233626,20,1,735676,2019-01-22 19:27:57.523601
14251338,20,1,143623,2019-01-23 14:21:35.562733
14300272,20,1,1890074,2019-01-24 23:58:46.061729
14324289,20,1,70924,2019-01-25 20:53:56.491543
14269083,20,1,117580,2019-01-23 22:26:11.577472
14201544,20,1,1426790,2019-01-21 19:51:22.289226
14294451,20,1,123882,2019-01-24 21:13:24.553289
14252473,20,1,1021955,2019-01-23 15:01:33.040396
14451502,20,1,76375,2019-01-28 20:50:09.689836
14250529,20,1,1574701,2019-01-23 13:48:51.273538
14377707,20,1,1082601,2019-01-27 13:04:52.455628
14058558,20,1,128578,2019-01-17 22:01:28.797215
14303732,20,1,224074,2019-01-25 02:57:15.989637
14289771,20,1,1909743,2019-01-24 19:04:03.784188
14318147,20,1,223033,2019-01-25 18:21:33.572248
14249239,20,1,1548488,2019-01-23 12:25:40.489892
14190857,20,1,102095,2019-01-21 16:39:47.146606
14394288,20,1,1021107,2019-01-27 17:10:05.992117
14279294,20,1,1021107,2019-01-24 13:50:49.497905
14169398,20,1,1050453,2019-01-20 21:45:01.787020
14233683,20,1,68174,2019-01-22 19:29:35.436403
14307587,20,1,73361,2019-01-25 13:37:36.192821
14290685,20,1,1294459,2019-01-24 19:29:17.889931
14162208,20,1,123882,2019-01-20 19:49:30.677668
14025346,20,1,1052372,2019-01-16 20:15:37.596045
14039420,20,1,63408,2019-01-17 12:37:37.419017
14298422,20,1,1942356,2019-01-24 23:01:32.847715
14224576,20,1,1855801,2019-01-22 15:33:41.148562
14163140,20,1,405376,2019-01-20 20:03:57.744404
14192210,20,1,76957,2019-01-21 17:03:33.953278
14424095,20,1,75136,2019-01-27 23:28:04.695935
14133670,20,1,2025094,2019-01-20 00:27:32.556184
13700131,20,1,683005,2019-01-06 20:18:01.455091
14226630,20,1,73080,2019-01-22 16:29:40.616166
13573773,20,1,1697759,2019-01-03 01:01:14.246748
14287503,20,1,279031,2019-01-24 18:01:59.721903
14308744,20,1,1972280,2019-01-25 14:17:32.312864
14285169,20,1,2037380,2019-01-24 16:59:29.317607
14450275,20,1,1365450,2019-01-28 20:22:18.611735
14306310,20,1,403811,2019-01-25 12:30:19.695551
14506147,20,1,1798012,2019-01-30 20:40:17.626179
14192070,20,1,265846,2019-01-21 17:00:56.968811
14194637,20,1,82694,2019-01-21 17:47:33.508649
14267980,20,1,135513,2019-01-23 21:56:25.864691
14192705,20,1,112226,2019-01-21 17:12:28.319854
14256144,20,1,802272,2019-01-23 16:49:33.567376
14295335,20,1,123882,2019-01-24 21:36:30.788016
14417798,20,1,983719,2019-01-27 21:47:30.860980
14268743,20,1,68351,2019-01-23 22:16:48.610427
14192814,20,1,1355874,2019-01-21 17:14:33.578002
14468063,20,1,2047242,2019-01-29 14:57:31.248057
13939313,20,1,98253,2019-01-13 22:29:50.629139
14333000,20,1,1029836,2019-01-26 00:54:11.585870
14137578,20,1,435406,2019-01-20 05:11:26.585318
14281417,20,1,2016417,2019-01-24 15:07:56.785693
14294566,20,1,1426790,2019-01-24 21:16:38.526425
14195429,20,1,76375,2019-01-21 18:02:27.705311
14356644,20,1,78686,2019-01-26 19:18:48.431070
14415531,20,1,2037380,2019-01-27 21:17:58.163159
14262856,20,1,1528505,2019-01-23 19:44:18.531025
14455235,20,1,2071305,2019-01-28 22:18:45.681672
14259233,20,1,1052372,2019-01-23 18:11:50.308197
14527456,20,1,123882,2019-01-31 17:57:30.317235
14291227,20,1,1880514,2019-01-24 19:44:04.316044
14490114,20,1,1574701,2019-01-30 01:26:47.794616
14308630,20,1,271984,2019-01-25 14:13:36.559726
14238312,20,1,2042480,2019-01-22 21:24:12.948066
14263011,20,1,1431146,2019-01-23 19:48:11.041480
13921266,1,1,83627,2019-01-13 18:29:00.938201
14394925,1,1,1721807,2019-01-27 17:17:14.912795
14238965,20,1,163198,2019-01-22 21:39:27.022011
14190272,20,1,119868,2019-01-21 16:29:33.794365
14262371,20,1,1181746,2019-01-23 19:31:20.376192
14400452,20,1,1462179,2019-01-27 18:19:11.470255
14361034,20,1,1697551,2019-01-26 20:38:18.342413
14258546,20,1,88946,2019-01-23 17:53:05.868483
14260883,20,1,63408,2019-01-23 18:53:21.794375
14154066,20,1,619843,2019-01-20 17:48:27.944466
14490580,20,1,1839014,2019-01-30 01:57:40.700274
14483417,20,1,64456,2019-01-29 21:37:08.841755
14447620,20,1,159596,2019-01-28 19:21:42.252526
14239352,20,1,1926237,2019-01-22 21:48:06.238379
14271029,20,1,619843,2019-01-23 23:21:29.178882
14413930,20,1,82386,2019-01-27 20:57:23.268608
14432376,20,1,461564,2019-01-28 12:40:31.791011
14518150,20,1,1942356,2019-01-31 13:32:12.407365
14428501,20,1,1804955,2019-01-28 01:39:53.060760
14440003,20,1,252682,2019-01-28 16:27:16.315724
14368018,20,1,400336,2019-01-26 23:04:21.035863
14235190,20,1,1146723,2019-01-22 20:05:11.406097
14460269,20,1,1998054,2019-01-29 00:49:01.869093
14221718,20,1,549691,2019-01-22 13:59:58.200388
14324267,20,1,163198,2019-01-25 20:53:24.906776
14370609,20,1,866578,2019-01-27 00:21:20.027158
14363242,20,1,454335,2019-01-26 21:22:18.762376
14324632,20,1,2001699,2019-01-25 21:01:36.578930
14267686,20,1,80311,2019-01-23 21:48:33.659869
14320313,20,1,801133,2019-01-25 19:14:52.978463
14489326,20,1,143623,2019-01-30 00:43:50.362118
14361543,20,1,138365,2019-01-26 20:48:32.262034
13830134,20,1,791731,2019-01-11 01:38:34.981444
14432622,20,1,265846,2019-01-28 12:56:06.373921
14364348,20,1,1020492,2019-01-26 21:44:17.386800
14330552,20,1,94761,2019-01-25 23:35:50.044186
14084580,20,1,1331828,2019-01-18 18:56:31.507858
14314946,20,1,530201,2019-01-25 17:01:13.263428
14342415,20,1,126484,2019-01-26 14:54:57.418106
14415456,20,1,657595,2019-01-27 21:17:04.593873
14449534,20,1,94872,2019-01-28 20:03:51.434461
14446641,20,1,759553,2019-01-28 18:58:25.545628
14360231,20,1,2058631,2019-01-26 20:24:04.971259
14435872,20,1,2008118,2019-01-28 14:48:15.017058
14367803,20,1,123309,2019-01-26 22:58:43.371105
14450747,20,1,153958,2019-01-28 20:32:42.146227
14329349,20,1,1017943,2019-01-25 23:02:23.510605
14326135,20,1,502018,2019-01-25 21:40:29.115582
14434425,20,1,97828,2019-01-28 14:08:08.106334
14450961,20,1,1957188,2019-01-28 20:37:45.864825
14451692,20,1,1242087,2019-01-28 20:54:03.917185
14207448,20,1,104067,2019-01-21 21:35:09.366688
14431592,20,1,802272,2019-01-28 10:47:23.933361
14453467,20,1,1944653,2019-01-28 21:35:52.933775
14453560,20,1,1485157,2019-01-28 21:37:57.848674
14453786,20,1,2069870,2019-01-28 21:43:33.448401
14455794,20,1,63651,2019-01-28 22:33:49.440056
14166436,20,1,1637600,2019-01-20 20:55:52.023066
14533361,20,1,792209,2019-01-31 20:30:20.280701
14363674,20,1,74708,2019-01-26 21:30:37.944062
14438788,20,1,1251535,2019-01-28 15:59:20.196802
14148068,20,1,1198248,2019-01-20 16:18:41.935921
14533736,20,1,279031,2019-01-31 20:40:20.655567
13999921,20,1,1733978,2019-01-15 21:34:10.889766
14440732,20,1,1048138,2019-01-28 16:44:25.190558
14380877,20,1,104670,2019-01-27 14:19:39.770197
14433110,20,1,134523,2019-01-28 13:21:07.696457
14531620,20,1,518388,2019-01-31 19:45:07.002349
14102820,20,1,71393,2019-01-19 04:14:08.290372
14333913,20,1,1887189,2019-01-26 01:35:16.840794
14285745,20,1,112226,2019-01-24 17:15:31.054518
14361132,20,1,1817074,2019-01-26 20:40:30.425804
14413315,20,1,405376,2019-01-27 20:49:58.664225
14421742,20,1,80810,2019-01-27 22:45:37.742834
14484588,20,1,973654,2019-01-29 22:06:14.785935
14434089,20,1,331457,2019-01-28 13:57:16.128202
14224797,20,1,1224192,2019-01-22 15:39:55.124367
13563093,20,1,384632,2019-01-02 20:28:01.857555
14436344,20,1,1378048,2019-01-28 15:00:44.632571
14307323,20,1,80810,2019-01-25 13:26:04.185730
14373422,20,1,1631509,2019-01-27 02:24:19.838436
14337863,20,1,1804597,2019-01-26 11:52:06.104101
14435967,20,1,1447761,2019-01-28 14:51:03.686684
14127681,20,1,983719,2019-01-19 21:38:59.235696
14239474,20,1,128565,2019-01-22 21:51:24.280046
14390152,20,1,1192380,2019-01-27 16:23:31.300898
14406323,20,1,107278,2019-01-27 19:27:03.734248
14511149,20,1,1656509,2019-01-30 23:25:20.686513
14370062,20,1,70653,2019-01-27 00:02:19.860677
14220274,20,1,326186,2019-01-22 12:41:46.867665
14442963,20,1,71379,2019-01-28 17:34:41.196799
14424374,20,1,2055472,2019-01-27 23:33:54.809070
14461747,20,1,64058,2019-01-29 02:12:53.886334
14498224,20,1,74076,2019-01-30 16:22:54.219023
14438548,20,1,98253,2019-01-28 15:54:34.225450
14402893,20,1,78692,2019-01-27 18:46:52.862401
14230933,20,1,1475132,2019-01-22 18:20:56.572990
14387431,20,1,115958,2019-01-27 15:49:47.242827
14389155,20,1,461564,2019-01-27 16:10:56.374606
14514648,20,1,73080,2019-01-31 02:34:30.681375
14448576,20,1,88946,2019-01-28 19:42:34.103672
14362790,20,1,1225067,2019-01-26 21:12:39.353644
14438740,20,1,619843,2019-01-28 15:58:09.645612
14373055,20,1,66916,2019-01-27 02:04:14.926414
14511809,20,1,735676,2019-01-30 23:50:26.563200
14206199,20,1,878131,2019-01-21 21:11:56.713643
14392540,20,1,1378048,2019-01-27 16:50:06.846660
14343188,20,1,233439,2019-01-26 15:10:52.150421
14359135,20,1,844516,2019-01-26 20:03:43.841284
14354857,20,1,1634604,2019-01-26 18:46:15.065849
14228963,20,1,1089644,2019-01-22 17:29:48.462214
14410753,20,1,1052372,2019-01-27 20:19:06.870635
14492533,20,1,1270577,2019-01-30 09:36:32.959362
14350761,20,1,2042480,2019-01-26 17:30:56.930126
13795793,20,1,973948,2019-01-09 21:45:06.457306
14317414,20,1,1697759,2019-01-25 18:02:32.255601
14411638,20,1,338442,2019-01-27 20:29:00.635434
14051329,20,1,290339,2019-01-17 19:08:00.591778
14430113,20,1,1926237,2019-01-28 03:24:59.175454
14443441,20,1,112226,2019-01-28 17:46:11.716402
14395775,20,1,150668,2019-01-27 17:27:34.595668
14363640,20,1,535838,2019-01-26 21:30:04.089963
14365625,20,1,1022044,2019-01-26 22:09:28.800121
14438649,20,1,1640507,2019-01-28 15:56:23.457397
14506287,20,1,1052372,2019-01-30 20:45:15.663910
14430170,20,1,81308,2019-01-28 03:30:39.426051
14429216,20,1,64328,2019-01-28 02:20:18.742208
14415768,20,1,74629,2019-01-27 21:20:48.383767
14406490,20,1,370603,2019-01-27 19:28:53.890051
14440777,20,1,913014,2019-01-28 16:45:18.445168
14055761,20,1,307914,2019-01-17 20:57:12.073113
14437298,20,1,1653370,2019-01-28 15:25:26.847791
14375765,20,1,75456,2019-01-27 05:53:05.938406
14431380,20,1,1883713,2019-01-28 07:56:39.941156
14447292,20,1,165598,2019-01-28 19:13:39.407264
14400417,20,1,62286,2019-01-27 18:18:43.637312
14445549,20,1,2045103,2019-01-28 18:33:27.366246
14221196,20,1,641269,2019-01-22 13:37:37.973916
14480360,20,1,785115,2019-01-29 20:15:45.620261
14430659,20,1,71937,2019-01-28 04:22:09.857539
14502229,20,1,1634604,2019-01-30 18:33:56.778632
14468039,20,1,64391,2019-01-29 14:56:50.565005
14371848,20,1,411555,2019-01-27 01:08:18.385030
14427609,20,1,62521,2019-01-28 01:00:00.923629
14450812,20,1,74472,2019-01-28 20:34:16.267724
14252879,20,1,338442,2019-01-23 15:14:21.592932
14341216,20,1,1951956,2019-01-26 14:26:45.335759
14478541,20,1,1968257,2019-01-29 19:28:11.294166
14373116,20,1,245683,2019-01-27 02:07:50.408741
14496181,20,1,648269,2019-01-30 15:14:50.737449
14534474,20,1,64391,2019-01-31 20:58:42.957946
14404197,20,1,157389,2019-01-27 19:01:40.202394
14406592,20,1,1964139,2019-01-27 19:29:55.458139
14522092,20,1,724303,2019-01-31 15:41:43.916577
14538951,20,1,73361,2019-01-31 22:58:46.105226
14493444,20,1,137038,2019-01-30 13:07:09.138063
14394284,20,1,211494,2019-01-27 17:10:03.613213
14478085,20,1,366688,2019-01-29 19:15:49.887140
14448789,20,1,1015953,2019-01-28 19:46:52.045889
14455198,20,1,1431146,2019-01-28 22:17:55.670133
14455678,20,1,130509,2019-01-28 22:30:37.015136
13796843,20,1,128517,2019-01-09 22:11:25.304410
14484733,20,1,724303,2019-01-29 22:10:17.415961
14451564,20,1,128565,2019-01-28 20:51:22.374854
14444399,20,1,1481015,2019-01-28 18:07:38.840353
14455062,20,1,95679,2019-01-28 22:14:19.970082
14012957,20,1,1126017,2019-01-16 14:18:19.273170
14420562,20,1,1024987,2019-01-27 22:27:04.470463
14390870,20,1,1025544,2019-01-27 16:31:13.088867
14295495,20,1,64391,2019-01-24 21:40:50.264187
14411716,20,1,1068378,2019-01-27 20:29:50.459431
14517633,20,1,76957,2019-01-31 13:07:57.902640
14412856,20,1,1654552,2019-01-27 20:44:37.383702
13739340,20,1,863906,2019-01-07 21:02:38.676303
14000893,20,1,1367705,2019-01-15 21:56:53.798296
14409644,20,1,890902,2019-01-27 20:05:14.577733
14539519,20,1,1017943,2019-01-31 23:15:57.041810
14506080,20,1,1181746,2019-01-30 20:38:16.339282
14416015,20,1,1434778,2019-01-27 21:24:09.772994
14406650,20,1,1110635,2019-01-27 19:30:36.526302
14416360,20,1,210357,2019-01-27 21:28:40.389909
14348842,20,1,279031,2019-01-26 16:58:19.534818
14424461,20,1,232615,2019-01-27 23:35:28.155802
14376201,20,1,838705,2019-01-27 07:59:31.720638
14419609,20,1,72624,2019-01-27 22:13:21.639785
14413557,20,1,1865823,2019-01-27 20:52:47.335875
14188956,20,1,1313554,2019-01-21 16:04:05.615015
14527314,20,1,112226,2019-01-31 17:54:25.268647
14405145,20,1,1835199,2019-01-27 19:13:15.981741
14421848,20,1,64391,2019-01-27 22:47:23.413742
14415265,20,1,1811476,2019-01-27 21:14:17.053831
14417827,20,1,2065860,2019-01-27 21:48:00.280741
14520222,20,1,1926237,2019-01-31 14:48:04.191705
14430155,20,1,83431,2019-01-28 03:29:53.208033
14415987,20,1,1485157,2019-01-27 21:23:41.512557
14420822,20,1,1523632,2019-01-27 22:30:51.014775
14375800,20,1,648269,2019-01-27 06:00:03.896170
14506888,20,1,307914,2019-01-30 21:02:34.385533
14290575,20,1,81751,2019-01-24 19:25:34.462341
13765463,20,1,1249224,2019-01-08 20:11:24.759394
14440760,20,1,1548488,2019-01-28 16:44:56.286320
14111582,20,1,482319,2019-01-19 16:04:22.452379
14354610,20,1,1224192,2019-01-26 18:41:51.594908
14477160,20,1,210357,2019-01-29 18:51:56.300726
14404671,20,1,82817,2019-01-27 19:07:27.186513
14302506,20,1,1144705,2019-01-25 01:35:53.454086
14447099,20,1,374248,2019-01-28 19:08:54.797575
14253354,20,1,84908,2019-01-23 15:28:31.880691
13778789,20,1,1470007,2019-01-09 12:11:09.167454
14239699,20,1,134971,2019-01-22 21:57:09.111339
14454785,20,1,1803708,2019-01-28 22:07:07.079215
14246527,20,1,62788,2019-01-23 02:03:56.305220
14423117,20,1,1637600,2019-01-27 23:09:49.007381
13858713,20,1,1149528,2019-01-11 23:53:59.179159
14440994,20,1,88128,2019-01-28 16:50:00.473884
14501738,20,1,74066,2019-01-30 18:18:18.031678
14446697,20,1,72607,2019-01-28 18:59:33.921065
14443394,20,1,71393,2019-01-28 17:44:53.984498
14439775,20,1,104670,2019-01-28 16:22:03.081462
14043093,20,1,119985,2019-01-17 15:14:12.059950
14278521,20,1,1822542,2019-01-24 13:11:49.069430
14357519,20,1,1783807,2019-01-26 19:34:41.156107
14198127,20,1,64301,2019-01-21 18:51:14.540407
14208595,20,1,1739815,2019-01-21 21:56:04.909471
14024684,20,1,487278,2019-01-16 19:58:09.827954
14254387,20,1,1891463,2019-01-23 15:59:39.924179
14446420,20,1,742800,2019-01-28 18:53:03.965155
14455729,20,1,888143,2019-01-28 22:32:10.633038
14511039,20,1,1639461,2019-01-30 23:21:50.775811
13622317,20,1,991081,2019-01-04 19:50:43.588962
14522612,20,1,124309,2019-01-31 15:54:58.991622
14421587,20,1,1201721,2019-01-27 22:43:20.473201
13663123,20,1,218908,2019-01-05 22:51:17.161341
14331289,20,1,1116685,2019-01-25 23:56:32.557860
13828507,20,1,63966,2019-01-11 00:27:38.218340
14120817,20,1,371401,2019-01-19 19:10:04.814564
14051298,20,1,1900308,2019-01-17 19:07:09.281853
14531120,20,1,2014137,2019-01-31 19:31:39.871764
14201448,20,1,1943489,2019-01-21 19:49:42.455871
14126239,20,1,115640,2019-01-19 21:05:10.514143
14103668,20,1,1081945,2019-01-19 06:53:01.737147
14354675,20,1,80311,2019-01-26 18:43:05.740268
14427160,20,1,122377,2019-01-28 00:44:42.331981
13809743,20,1,75971,2019-01-10 15:24:20.838969
14421353,20,1,973948,2019-01-27 22:39:48.655751
